{"cameraMode":{"drawMode":0,"name":"Shaded","section":"Shading Mode"},"sceneLighting":false,"audioPlay":false,"sceneViewState":{"m_AlwaysRefresh":false,"showFog":true,"showSkybox":false,"showFlares":true,"showImageEffects":true,"showParticleSystems":true,"showVisualEffectGraphs":true,"m_FxEnabled":true},"in2DMode":false,"pivot":{"x":26.784147262573243,"y":0.33281567692756655,"z":43.250343322753909},"rotation":{"x":-0.32522591948509219,"y":0.11944812536239624,"z":-0.059853751212358478,"w":-0.9372373819351196},"size":1.5493751764297486,"orthographic":false}