{"cameraMode":{"drawMode":0,"name":"Shaded","section":"Shading Mode"},"sceneLighting":false,"audioPlay":false,"sceneViewState":{"m_AlwaysRefresh":false,"showFog":true,"showSkybox":false,"showFlares":true,"showImageEffects":true,"showParticleSystems":true,"showVisualEffectGraphs":true,"m_FxEnabled":true},"in2DMode":false,"pivot":{"x":34.380245208740237,"y":0.2284974455833435,"z":39.84543228149414},"rotation":{"x":-0.026281580328941346,"y":0.9687001705169678,"z":-0.12936091423034669,"w":-0.2121114283800125},"size":1.1775788068771363,"orthographic":false}