{"cameraMode":{"drawMode":0,"name":"Shaded","section":"Shading Mode"},"sceneLighting":false,"audioPlay":false,"sceneViewState":{"m_AlwaysRefresh":false,"showFog":false,"showSkybox":false,"showFlares":false,"showImageEffects":false,"showParticleSystems":false,"showVisualEffectGraphs":true,"m_FxEnabled":true},"in2DMode":false,"pivot":{"x":-0.0016391277313232422,"y":0.832291841506958,"z":-0.024620480835437776},"rotation":{"x":-0.012519335374236107,"y":-0.9824956059455872,"z":0.1714947670698166,"w":-0.07174527645111084},"size":1.2274833917617798,"orthographic":false}