{"cameraMode":{"drawMode":0,"name":"Shaded","section":"Shading Mode"},"sceneLighting":true,"audioPlay":false,"sceneViewState":{"m_AlwaysRefresh":false,"showFog":true,"showSkybox":true,"showFlares":true,"showImageEffects":true,"showParticleSystems":true,"showVisualEffectGraphs":true,"m_FxEnabled":false},"in2DMode":false,"pivot":{"x":5.622541904449463,"y":0.43732404708862307,"z":-5.584072113037109},"rotation":{"x":0.03227562457323074,"y":-0.6112143397331238,"z":0.02495725080370903,"w":0.7904641032218933},"size":0.7263124585151672,"orthographic":false}