{"cameraMode":{"drawMode":0,"name":"Shaded","section":"Shading Mode"},"sceneLighting":false,"audioPlay":false,"sceneViewState":{"m_AlwaysRefresh":false,"showFog":false,"showSkybox":false,"showFlares":false,"showImageEffects":false,"showParticleSystems":false,"showVisualEffectGraphs":true,"m_FxEnabled":false},"in2DMode":false,"pivot":{"x":-0.0016391277313232422,"y":0.832291841506958,"z":-0.024620480835437776},"rotation":{"x":0.03227562457323074,"y":-0.6112143397331238,"z":0.02495725080370903,"w":0.7904641032218933},"size":1.2274833917617798,"orthographic":false}