{"cameraMode":{"drawMode":0,"name":"Shaded","section":"Shading Mode"},"sceneLighting":false,"audioPlay":false,"sceneViewState":{"m_AlwaysRefresh":false,"showFog":true,"showSkybox":false,"showFlares":true,"showImageEffects":true,"showParticleSystems":true,"showVisualEffectGraphs":true,"m_FxEnabled":true},"in2DMode":false,"pivot":{"x":28.014047622680665,"y":0.23858284950256349,"z":28.398439407348634},"rotation":{"x":-0.3015083968639374,"y":0.014598523266613484,"z":-0.017086682841181756,"w":-0.9541418552398682},"size":0.250262975692749,"orthographic":false}