{"cameraMode":{"drawMode":0,"name":"Shaded","section":"Shading Mode"},"sceneLighting":false,"audioPlay":false,"sceneViewState":{"m_AlwaysRefresh":false,"showFog":true,"showSkybox":false,"showFlares":true,"showImageEffects":true,"showParticleSystems":true,"showVisualEffectGraphs":true,"m_FxEnabled":true},"in2DMode":false,"pivot":{"x":-0.030701331794261934,"y":-0.12675072252750398,"z":-0.057905323803424838},"rotation":{"x":-0.3108268082141876,"y":0.5837783217430115,"z":-0.25770968198776247,"w":-0.7048115134239197},"size":0.1525198370218277,"orthographic":false}