{"cameraMode":{"drawMode":0,"name":"Shaded","section":"Shading Mode"},"sceneLighting":false,"audioPlay":false,"sceneViewState":{"m_AlwaysRefresh":false,"showFog":true,"showSkybox":false,"showFlares":true,"showImageEffects":true,"showParticleSystems":true,"showVisualEffectGraphs":true,"m_FxEnabled":true},"in2DMode":false,"pivot":{"x":-0.020075693726539613,"y":2.471308708190918,"z":-0.4205286502838135},"rotation":{"x":-0.3045263886451721,"y":0.07885808497667313,"z":-0.030848659574985505,"w":-0.9494603872299194},"size":3.7539780139923097,"orthographic":false}