{"cameraMode":{"drawMode":0,"name":"Shaded","section":"Shading Mode"},"sceneLighting":false,"audioPlay":false,"sceneViewState":{"m_AlwaysRefresh":false,"showFog":true,"showSkybox":false,"showFlares":true,"showImageEffects":true,"showParticleSystems":true,"showVisualEffectGraphs":true,"m_FxEnabled":true},"in2DMode":false,"pivot":{"x":0.646064281463623,"y":0.8177371621131897,"z":-0.7586870789527893},"rotation":{"x":-0.21383526921272279,"y":-0.046695027500391009,"z":-0.006431038957089186,"w":-0.9767640829086304},"size":0.8660253882408142,"orthographic":false}