{"cameraMode":{"drawMode":0,"name":"Shaded","section":"Shading Mode"},"sceneLighting":false,"audioPlay":false,"sceneViewState":{"m_AlwaysRefresh":false,"showFog":true,"showSkybox":false,"showFlares":true,"showImageEffects":true,"showParticleSystems":true,"showVisualEffectGraphs":true,"m_FxEnabled":true},"in2DMode":false,"pivot":{"x":22.151121139526368,"y":0.9380215406417847,"z":54.64442443847656},"rotation":{"x":0.07084161788225174,"y":0.005290822125971317,"z":0.011423611082136631,"w":0.9983558654785156},"size":0.5616826415061951,"orthographic":false}