{"cameraMode":{"drawMode":0,"name":"Shaded","section":"Shading Mode"},"sceneLighting":false,"audioPlay":false,"sceneViewState":{"m_AlwaysRefresh":false,"showFog":true,"showSkybox":false,"showFlares":true,"showImageEffects":true,"showParticleSystems":true,"showVisualEffectGraphs":true,"m_FxEnabled":true},"in2DMode":false,"pivot":{"x":2.8004021644592287,"y":2.3033392429351808,"z":-1.147253155708313},"rotation":{"x":-0.005333205219358206,"y":0.5851084589958191,"z":0.01002964936196804,"w":0.8116920590400696},"size":4.219426155090332,"orthographic":false}